id;title;content;date
1;Table Fish;../fake-data/blob/hipster.txt;2022-09-12T09:34:58
2;cyan Forward forecast;../fake-data/blob/hipster.txt;2022-09-12T21:30:49
3;Principal compress state;../fake-data/blob/hipster.txt;2022-09-12T04:19:26
4;intuitive Center Georgia;../fake-data/blob/hipster.txt;2022-09-12T10:51:37
5;Designer connect;../fake-data/blob/hipster.txt;2022-09-12T09:47:38
6;Accountability;../fake-data/blob/hipster.txt;2022-09-12T09:34:01
7;auxiliary Pula Representative;../fake-data/blob/hipster.txt;2022-09-12T03:01:25
8;Bedfordshire driver Soft;../fake-data/blob/hipster.txt;2022-09-12T22:19:13
9;Soft;../fake-data/blob/hipster.txt;2022-09-12T02:02:03
10;Points violet;../fake-data/blob/hipster.txt;2022-09-12T07:39:12
